<?xml version="1.0" encoding="UTF-8"?>
<project-private xmlns="http://www.netbeans.org/ns/project-private/1">
    <editor-bookmarks xmlns="http://www.netbeans.org/ns/editor-bookmarks/2" lastBookmarkId="0"/>
    <open-files xmlns="http://www.netbeans.org/ns/projectui-open-files/2">
        <group>
            <file>file:/C:/Users/mcgil/Downloads/LifeUnderWater-Week9-code/LifeUnderWater-Week9-code/LifeUnderWaterApp/src/lifeunderwaterapp/LifeUnderWater.java</file>
            <file>file:/C:/Users/mcgil/Downloads/LifeUnderWater-Week9-code/LifeUnderWater-Week9-code/LifeUnderWaterApp/src/lifeunderwaterapp/Wildlife.java</file>
            <file>file:/C:/Users/mcgil/Downloads/LifeUnderWater-Week9-code/LifeUnderWater-Week9-code/LifeUnderWaterApp/src/lifeunderwaterapp/FloraGUI.java</file>
            <file>file:/C:/Users/mcgil/Downloads/LifeUnderWater-Week9-code/LifeUnderWater-Week9-code/LifeUnderWaterApp/src/lifeunderwaterapp/Fauna.java</file>
            <file>file:/C:/Users/mcgil/Downloads/LifeUnderWater-Week9-code/LifeUnderWater-Week9-code/LifeUnderWaterApp/src/lifeunderwaterapp/LifeUnderWaterApp.java</file>
            <file>file:/C:/Users/mcgil/Downloads/LifeUnderWater-Week9-code/LifeUnderWater-Week9-code/LifeUnderWaterApp/src/lifeunderwaterapp/UserActivity.java</file>
            <file>file:/C:/Users/mcgil/Downloads/LifeUnderWater-Week9-code/LifeUnderWater-Week9-code/LifeUnderWaterApp/src/lifeunderwaterapp/PollutionGUI.java</file>
            <file>file:/C:/Users/mcgil/Downloads/LifeUnderWater-Week9-code/LifeUnderWater-Week9-code/LifeUnderWaterApp/src/lifeunderwaterapp/LifeUnderWaterGUI.java</file>
        </group>
    </open-files>
</project-private>
