<?xml version="1.0" encoding="UTF-8"?>
<project-private xmlns="http://www.netbeans.org/ns/project-private/1">
    <editor-bookmarks xmlns="http://www.netbeans.org/ns/editor-bookmarks/2" lastBookmarkId="0"/>
    <open-files xmlns="http://www.netbeans.org/ns/projectui-open-files/2">
        <group>
            <file>file:/C:/Users/CamaraAdmin/Desktop/Year%202-%20Semester%201/Object%20Orientated%20Programming/LifeUnderWaterApp/src/lifeunderwaterapp/form.java</file>
            <file>file:/C:/Users/CamaraAdmin/Desktop/Year%202-%20Semester%201/Object%20Orientated%20Programming/LifeUnderWaterApp/src/lifeunderwaterapp/LifeUnderWaterGUI.java</file>
            <file>file:/C:/Users/CamaraAdmin/Desktop/Year%202-%20Semester%201/Object%20Orientated%20Programming/LifeUnderWaterApp/src/lifeunderwaterapp/WildlifeGUI.java</file>
            <file>file:/C:/Users/CamaraAdmin/Desktop/Year%202-%20Semester%201/Object%20Orientated%20Programming/LifeUnderWaterApp/src/lifeunderwaterapp/WildlifeGame.java</file>
        </group>
    </open-files>
</project-private>
