<?xml version="1.0" encoding="UTF-8"?>
<project-private xmlns="http://www.netbeans.org/ns/project-private/1">
    <editor-bookmarks xmlns="http://www.netbeans.org/ns/editor-bookmarks/2" lastBookmarkId="0"/>
    <open-files xmlns="http://www.netbeans.org/ns/projectui-open-files/2">
        <group>
            <file>file:/C:/Users/mcgil/Desktop/College/Semester%203/OOP/CA/Week11/LifeUnderWaterApp/LifeUnderWaterApp/src/lifeunderwaterapp/UnderwaterFlora.java</file>
            <file>file:/C:/Users/mcgil/Desktop/College/Semester%203/OOP/CA/Week11/LifeUnderWaterApp/LifeUnderWaterApp/src/lifeunderwaterapp/PollutionCalculation.java</file>
            <file>file:/C:/Users/mcgil/Desktop/College/Semester%203/OOP/CA/Week11/LifeUnderWaterApp/LifeUnderWaterApp/src/lifeunderwaterapp/FloraDexGUI.java</file>
            <file>file:/C:/Users/mcgil/Desktop/College/Semester%203/OOP/CA/Week11/LifeUnderWaterApp/LifeUnderWaterApp/src/lifeunderwaterapp/LifeUnderWaterApp.java</file>
            <file>file:/C:/Users/mcgil/Desktop/College/Semester%203/OOP/CA/Week11/LifeUnderWaterApp/LifeUnderWaterApp/src/lifeunderwaterapp/FloraGUI.java</file>
            <file>file:/C:/Users/mcgil/Desktop/College/Semester%203/OOP/CA/Week11/LifeUnderWaterApp/LifeUnderWaterApp/src/lifeunderwaterapp/WildlifeGame.java</file>
            <file>file:/C:/Users/mcgil/Desktop/College/Semester%203/OOP/CA/Week11/LifeUnderWaterApp/LifeUnderWaterApp/src/lifeunderwaterapp/LifeUnderWaterGUI.java</file>
            <file>file:/C:/Users/mcgil/Desktop/College/Semester%203/OOP/CA/Week11/LifeUnderWaterApp/LifeUnderWaterApp/src/lifeunderwaterapp/DonationGUI.java</file>
            <file>file:/C:/Users/mcgil/Desktop/College/Semester%203/OOP/CA/Week11/LifeUnderWaterApp/LifeUnderWaterApp/src/lifeunderwaterapp/PollutionGUI.java</file>
            <file>file:/C:/Users/mcgil/Desktop/College/Semester%203/OOP/CA/Week11/LifeUnderWaterApp/LifeUnderWaterApp/src/lifeunderwaterapp/LifeUnderWater.java</file>
            <file>file:/C:/Users/mcgil/Desktop/College/Semester%203/OOP/CA/Week11/LifeUnderWaterApp/LifeUnderWaterApp/src/lifeunderwaterapp/FloraManager.java</file>
        </group>
    </open-files>
</project-private>
